name,first,last,games,started,wins,losses,conceded,saves,minutes,goals,assists,active,hof
George Abbott,1944,1944,1,,0.0,1.0,7,,60,0,0,False,False
John Adams,1973,1975,22,,9.0,10.0,85,605.0,1180,0,0,False,False
David Aebischer,2001,2008,214,1.0,106.0,74.0,513,5294.0,12230,0,5,False,False
John Aiken,1958,1958,1,,0.0,1.0,6,12.0,34,0,0,False,False
Andy Aitkenhead,1933,1935,106,,47.0,43.0,257,,6570,0,0,False,False
Sami Aittokallio,2013,2014,2,2.0,0.0,1.0,5,38.0,89,0,0,False,False
Jett Alexander,2023,2023,1,0.0,0.0,0.0,0,0.0,1,0,0,False,False
Jake Allen,2013,2025,460,436.0,208.0,184.0,1191,11671.0,25932,0,6,True,False
Red Almas,1947,1953,3,,0.0,2.0,13,,180,0,0,False,False
Hugo Alnefelt,2022,2022,1,0.0,0.0,0.0,3,7.0,20,0,0,False,False
Jorge Alves,2017,2017,1,0.0,0.0,0.0,0,0.0,0,0,0,False,False
Frederik Andersen,2014,2025,517,503.0,308.0,135.0,1273,13734.0,29886,0,16,True,False
Craig Anderson,2003,2023,709,621.0,319.0,275.0,1916,19846.0,40228,0,20,False,False
Lorne Anderson,1952,1952,3,,1.0,2.0,18,,180,0,0,False,False
Justus Annunen,2022,2025,52,44.0,25.0,20.0,139,1188.0,2805,0,1,True,False
Kenneth Appleby,2018,2024,4,1.0,0.0,1.0,5,58.0,144,0,0,False,False
Yaroslav Askarov,2023,2025,16,14.0,5.0,7.0,43,384.0,857,0,1,True,False
Tom Askey,1998,1998,7,,0.0,1.0,12,101.0,273,0,0,False,False
Hardy Åström,1978,1981,83,,17.0,44.0,278,1875.0,4445,0,1,False,False
Jean-Sébastien Aubin,1999,2008,218,12.0,80.0,83.0,547,4908.0,11197,0,3,False,False
Alex Auld,2002,2012,237,106.0,91.0,88.0,606,5687.0,12986,0,7,False,False
David Ayres,2020,2020,1,0.0,1.0,0.0,2,8.0,29,0,0,False,False
Jason Bacashihua,2006,2007,38,,7.0,17.0,99,866.0,1860,0,1,False,False
Ryan Bach,1999,1999,3,,0.0,3.0,8,58.0,108,0,0,False,False
Richard Bachman,2011,2019,48,37.0,20.0,18.0,120,1122.0,2423,0,1,False,False
Johan Backlund,2010,2010,1,1.0,0.0,1.0,2,22.0,40,0,0,False,False
Niklas Bäckström,2007,2016,413,357.0,196.0,144.0,975,10417.0,23481,0,5,False,False
Scott Bailey,1996,1997,19,,6.0,6.0,55,390.0,965,0,0,False,False
Steve Baker,1980,1983,57,,20.0,20.0,190,1289.0,3074,0,0,False,False
Mike Bales,1993,1997,23,,2.0,15.0,77,512.0,1120,0,0,False,False
Murray Bannerman,1978,1987,289,,116.0,125.0,1051,7733.0,16427,0,10,False,False
Marco Baron,1980,1985,86,,34.0,38.0,292,1863.0,4813,0,4,False,False
Tom Barrasso,1984,2003,777,,369.0,277.0,2385,19695.0,44136,0,48,False,True
Hank Bassen,1955,1968,157,,47.0,65.0,435,3305.0,8768,0,2,False,False
Baz Bastien,1946,1946,5,,0.0,4.0,20,,300,0,0,False,False
Garry Bauman,1967,1969,35,,5.0,17.0,102,776.0,1714,0,0,False,False
Don Beaupre,1981,1997,666,,268.0,277.0,2151,16524.0,37345,0,8,False,False
Stéphane Beauregard,1990,1994,90,,19.0,39.0,268,1948.0,4402,0,2,False,False
Chris Beckford-Tseu,2008,2008,1,0.0,0.0,0.0,1,8.0,27,0,0,False,False
Jim Bedard,1978,1979,73,,17.0,40.0,278,1894.0,4223,0,2,False,False
Marc Behrend,1984,1986,39,,12.0,19.0,163,907.0,1986,0,0,False,False
Yves Bélanger,1975,1980,78,,29.0,33.0,259,1789.0,4127,0,5,False,False
Ed Belfour,1989,2007,963,,484.0,320.0,2317,22433.0,55696,0,34,False,True
Michel Belhumeur,1973,1976,65,,9.0,36.0,254,1757.0,3301,0,4,False,False
Gordie Bell,1946,1946,8,,3.0,5.0,31,,480,0,0,False,False
Clint Benedict,1918,1930,362,,189.0,142.0,860,,22283,0,0,False,True
Harvey Bennett,1945,1945,25,,10.0,12.0,103,,1470,0,0,False,False
Jean-Claude Bergeron,1991,1997,72,,21.0,33.0,232,1496.0,3772,0,2,False,False
Adam Berkhoel,2006,2006,9,,2.0,4.0,30,225.0,473,0,0,False,False
Matthew Berlin,2023,2023,1,0.0,0.0,0.0,0,1.0,2,0,0,False,False
Tim Bernhardt,1983,1987,67,,17.0,36.0,267,1732.0,3735,0,3,False,False
Jonathan Bernier,2008,2022,404,363.0,165.0,163.0,1023,10639.0,22103,0,8,False,False
Reto Berra,2014,2018,76,58.0,20.0,36.0,175,1662.0,3682,0,1,False,False
Daniel Berthiaume,1987,1994,215,,81.0,90.0,714,5130.0,11653,0,4,False,False
Jean-François Bérubé,2016,2022,40,29.0,12.0,12.0,111,977.0,1899,0,1,False,False
Allan Bester,1984,1996,219,,73.0,99.0,785,5900.0,11750,0,8,False,False
Bill Beveridge,1930,1943,295,,87.0,166.0,873,,18243,0,0,False,False
Antoine Bibeau,2017,2020,4,3.0,2.0,1.0,9,88.0,213,0,0,False,False
Paul Bibeault,1941,1947,215,,81.0,107.0,784,,12890,0,0,False,False
Zac Bierk,1998,2004,47,,9.0,20.0,113,1032.0,2135,0,1,False,False
Craig Billington,1986,2003,332,,110.0,149.0,1034,7354.0,17091,0,6,False,False
Andre Binette,1955,1955,1,,1.0,0.0,4,,60,0,0,False,False
Les Binkley,1968,1972,196,,58.0,94.0,574,5017.0,11027,0,1,False,False
Jordan Binnington,2016,2025,336,327.0,173.0,116.0,901,8744.0,19476,0,7,True,False
Martin Biron,1996,2014,508,179.0,230.0,191.0,1247,12646.0,28614,0,14,False,False
Ben Bishop,2009,2020,413,397.0,222.0,128.0,903,10457.0,23317,0,12,False,False
Richard Bittner,1950,1950,1,,0.0,0.0,3,,60,0,0,False,False
Dan Blackburn,2002,2003,63,,20.0,32.0,188,1589.0,3499,0,0,False,False
Mackenzie Blackwood,2019,2025,252,237.0,103.0,103.0,701,6727.0,14225,0,2,True,False
Mike Blake,1982,1984,40,,13.0,15.0,150,982.0,2113,0,1,False,False
Joel Blomqvist,2025,2025,15,12.0,4.0,9.0,49,376.0,772,0,0,True,False
John Blue,1993,1996,46,,16.0,18.0,126,1015.0,2521,0,2,False,False
Sergei Bobrovsky,2011,2025,754,740.0,429.0,243.0,1868,19926.0,43523,0,13,True,False
Gilles Boisvert,1960,1960,3,,0.0,3.0,9,73.0,180,0,0,False,False
Dan Bouchard,1973,1986,656,,286.0,233.0,2063,16683.0,37909,0,28,False,False
Brian Boucher,2000,2013,328,87.0,120.0,139.0,822,7450.0,18220,0,3,False,False
Claude Bourque,1939,1940,62,,18.0,37.0,192,,3830,0,0,False,False
Rollie Boutin,1979,1981,22,,7.0,10.0,75,507.0,1136,0,1,False,False
Lionel Bouvrette,1943,1943,1,,0.0,1.0,6,,60,0,0,False,False
Landon Bow,2019,2019,2,0.0,0.0,0.0,1,18.0,58,0,0,False,False
Johnny Bower,1954,1970,552,,250.0,192.0,1336,13513.0,31989,0,3,False,True
Kevin Boyle,2019,2019,5,4.0,1.0,3.0,10,129.0,277,0,0,False,False
Fred Brathwaite,1994,2004,254,,81.0,99.0,629,5715.0,13840,0,3,False,False
Frank Brimsek,1939,1950,514,,252.0,182.0,1403,,31230,0,0,False,True
Martin Brochu,1999,2004,9,,0.0,5.0,22,156.0,369,0,0,False,False
Turk Broda,1937,1952,629,,304.0,222.0,1608,,38182,0,0,False,True
Ken Broderick,1970,1975,27,,11.0,12.0,74,602.0,1462,0,1,False,False
Len Broderick,1958,1958,1,,1.0,0.0,2,20.0,60,0,0,False,False
Martin Brodeur,1992,2015,1266,369.0,691.0,397.0,2781,28928.0,74439,2,45,False,True
Mike Brodeur,2010,2011,7,4.0,3.0,1.0,10,119.0,277,0,0,False,False
Richard Brodeur,1980,1988,385,,131.0,175.0,1410,9615.0,21902,0,8,False,False
Gary Bromley,1974,1981,136,,54.0,44.0,425,2954.0,7419,0,6,False,False
Art Brooks,1918,1918,4,,2.0,2.0,23,,220,0,0,False,False
Ross Brooks,1973,1975,54,,37.0,7.0,134,1254.0,3046,0,1,False,False
Frank Brophy,1920,1920,21,,3.0,18.0,148,,1249,0,0,False,False
Laurent Brossoit,2015,2024,140,118.0,64.0,46.0,334,3412.0,7597,0,1,False,False
Andy Brown,1972,1974,62,,22.0,26.0,213,1549.0,3366,0,1,False,False
Ken Brown,1971,1971,1,,0.0,0.0,1,13.0,18,0,0,False,False
Mario Brunetta,1988,1990,40,,12.0,17.0,128,865.0,1960,0,0,False,False
Barry Brust,2007,2007,11,,2.0,4.0,30,215.0,486,0,0,False,False
Ilya Bryzgalov,2002,2015,465,393.0,221.0,162.0,1141,11870.0,26550,0,12,False,False
Peter Budaj,2006,2019,368,247.0,158.0,132.0,909,8542.0,20216,0,11,False,False
Bruce Bullock,1973,1977,16,,3.0,9.0,74,433.0,927,0,0,False,False
Tyler Bunz,2015,2015,1,0.0,0.0,0.0,3,9.0,20,0,0,False,False
Sean Burke,1988,2007,820,,324.0,341.0,2290,21003.0,46441,0,28,False,False
Steve Buzinski,1943,1943,9,,2.0,6.0,55,,560,0,0,False,False
Don Caley,1968,1968,1,,0.0,0.0,3,19.0,30,0,0,False,False
Jack Campbell,2014,2024,176,164.0,93.0,52.0,455,4547.0,9879,0,3,False,False
Frank Caprice,1983,1988,102,,31.0,46.0,390,2380.0,5566,0,3,False,False
Jim Carey,1995,1999,172,,79.0,65.0,416,3650.0,9669,0,1,False,False
Jacques Caron,1968,1974,72,,24.0,30.0,212,1712.0,3839,0,1,False,False
Sébastien Caron,2003,2012,95,2.0,26.0,48.0,296,2445.0,5156,0,1,False,False
Lyle Carter,1972,1972,15,,4.0,7.0,50,311.0,721,0,0,False,False
Jon Casey,1984,1997,425,,170.0,157.0,1246,9908.0,23248,0,13,False,False
Frédéric Cassivi,2002,2007,13,,3.0,6.0,38,315.0,628,0,0,False,False
Roman Čechmánek,2001,2004,212,,110.0,64.0,419,4742.0,12085,0,1,False,False
Sébastien Centomo,2002,2002,1,,0.0,0.0,3,9.0,40,0,0,False,False
Frédéric Chabot,1991,1999,32,,4.0,8.0,62,521.0,1262,0,0,False,False
Lorne Chabot,1927,1937,412,,200.0,146.0,858,,25403,0,0,False,False
Ed Chadwick,1956,1962,184,,57.0,92.0,541,4907.0,11033,0,0,False,False
Bob Champoux,1974,1974,17,,2.0,11.0,80,447.0,922,0,0,False,False
Sébastien Charpentier,2002,2004,26,,6.0,14.0,66,606.0,1350,0,0,False,False
Gerry Cheevers,1962,1980,418,,227.0,104.0,1174,10643.0,24373,0,11,False,True
Tim Cheveldae,1989,1997,340,,149.0,136.0,1116,8413.0,19172,0,16,False,False
Alain Chevrier,1986,1991,234,,91.0,100.0,845,5344.0,12191,0,11,False,False
Andy Chiodo,2004,2004,8,,3.0,4.0,28,232.0,486,0,0,False,False
Mathieu Chouinard,2004,2004,1,,0.0,0.0,0,2.0,3,0,0,False,False
Magnus Chrona,2024,2024,9,8.0,1.0,6.0,37,225.0,471,0,0,False,False
Scott Clemmensen,2002,2015,191,137.0,73.0,59.0,468,4463.0,10059,0,3,False,False
Chris Clifford,1985,1989,2,,0.0,0.0,0,8.0,24,0,0,False,False
Matt Climie,2009,2011,5,4.0,2.0,2.0,15,124.0,277,0,0,False,False
Dan Cloutier,1998,2008,351,9.0,139.0,142.0,874,7751.0,18927,0,5,False,False
Jacques Cloutier,1982,1994,255,,82.0,102.0,776,5395.0,12802,0,7,False,False
Gerald Coleman,2006,2006,2,,0.0,0.0,2,15.0,43,0,0,False,False
Les Colvin,1949,1949,1,,0.0,1.0,4,,60,0,0,False,False
Drew Commesso,2025,2025,2,1.0,0.0,1.0,4,22.0,71,0,0,True,False
Eric Comrie,2017,2025,77,73.0,33.0,36.0,224,1981.0,4322,0,2,True,False
Mike Condon,2016,2019,129,117.0,45.0,58.0,333,3185.0,7148,0,2,False,False
Ty Conklin,2002,2012,215,120.0,96.0,67.0,516,4968.0,11527,0,3,False,False
Alec Connell,1925,1937,418,,193.0,156.0,836,,26177,0,0,False,True
Devin Cooley,2024,2024,6,6.0,2.0,3.0,25,167.0,301,0,0,False,False
Pheonix Copley,2016,2025,77,69.0,44.0,16.0,202,1786.0,4261,0,2,True,False
Jared Coreau,2017,2018,21,21.0,5.0,9.0,68,497.0,1092,0,0,False,False
Jim Corsi,1980,1980,26,,8.0,14.0,83,576.0,1360,0,3,False,False
Sebastian Cossa,2025,2025,1,0.0,1.0,0.0,2,12.0,45,0,0,True,False
Maurice Courteau,1944,1944,6,,2.0,4.0,33,,360,0,0,False,False
Marcel Cousineau,1997,2000,26,,4.0,10.0,51,458.0,1047,0,1,False,False
Wayne Cowley,1994,1994,1,,0.0,1.0,3,32.0,57,0,0,False,False
Abbie Cox,1930,1936,5,,1.0,1.0,11,,263,0,0,False,False
Jim Craig,1980,1984,30,,11.0,10.0,100,600.0,1586,0,1,False,False
Corey Crawford,2006,2020,488,473.0,260.0,162.0,1146,12778.0,28120,0,9,False,False
Jiří Crha,1980,1981,69,,28.0,27.0,261,1969.0,3935,0,1,False,False
Roger Crozier,1964,1977,515,,206.0,194.0,1446,13423.0,28540,0,3,False,False
Wilf Cude,1931,1941,281,,98.0,132.0,798,,17515,0,0,False,False
John Curry,2009,2015,8,5.0,3.0,2.0,20,145.0,326,0,0,False,False
Don Cutts,1980,1980,6,,1.0,2.0,16,126.0,269,0,0,False,False
Claude Cyr,1959,1959,1,,0.0,0.0,1,6.0,20,0,0,False,False
Corrie D'Alessio,1993,1993,1,,0.0,0.0,0,3.0,11,0,0,False,False
Marc D'Amour,1986,1989,16,,2.0,4.0,32,291.0,578,0,0,False,False
Joey Daccord,2019,2025,126,116.0,49.0,50.0,328,3169.0,7132,0,2,True,False
Doug Dadswell,1987,1988,27,,8.0,8.0,99,601.0,1343,0,2,False,False
Byron Dafoe,1993,2004,415,,171.0,170.0,1051,9846.0,23478,0,8,False,False
Joe Daley,1969,1972,105,,34.0,44.0,326,2914.0,5826,0,1,False,False
Nick Damore,1942,1942,1,,1.0,0.0,3,,60,0,0,False,False
Jean-François Damphousse,2002,2002,6,,1.0,3.0,12,103.0,294,0,0,False,False
Yann Danis,2006,2016,55,35.0,17.0,22.0,127,1254.0,2732,0,0,False,False
Oscar Dansk,2018,2021,6,5.0,4.0,1.0,15,144.0,290,0,0,False,False
Scott Darling,2015,2019,126,112.0,54.0,42.0,319,3165.0,7043,0,0,False,False
Cleon Daskalakis,1985,1987,12,,3.0,4.0,41,214.0,507,0,0,False,False
John Davidson,1974,1983,301,,123.0,124.0,1004,7856.0,17079,0,7,False,False
Nico Daws,2022,2025,52,47.0,22.0,23.0,133,1166.0,2679,0,1,True,False
Bob DeCourcy,1948,1948,1,,0.0,1.0,6,,29,0,0,False,False
Norm Defelice,1957,1957,10,,3.0,5.0,30,252.0,600,0,0,False,False
Denis DeJordy,1963,1974,317,,120.0,128.0,929,8573.0,17777,0,3,False,False
Mark Dekanich,2011,2011,1,0.0,0.0,0.0,3,22.0,50,0,0,False,False
Matt DelGuidice,1991,1992,11,,2.0,5.0,28,218.0,434,0,0,False,False
Collin Delia,2018,2023,52,45.0,19.0,18.0,161,1396.0,2750,0,1,False,False
Aaron Dell,2017,2023,130,106.0,50.0,50.0,335,3183.0,6873,0,1,False,False
Thatcher Demko,2018,2025,242,236.0,126.0,89.0,659,6678.0,14109,0,5,True,False
Marc Denis,1997,2009,349,4.0,112.0,179.0,982,9062.0,19526,0,6,False,False
Philippe DeRouville,1995,1997,3,,1.0,2.0,9,84.0,171,0,0,False,False
Cédrick Desjardins,2011,2014,6,4.0,2.0,4.0,12,137.0,298,0,0,False,False
Gerry Desjardins,1969,1978,332,,123.0,148.0,1041,8632.0,18982,0,3,False,False
Jeff Deslauriers,2009,2012,62,58.0,23.0,32.0,193,1751.0,3579,0,4,False,False
Casey DeSmith,2018,2025,190,166.0,84.0,61.0,485,4905.0,10428,0,3,True,False
Patrick DesRochers,2002,2003,11,,2.0,6.0,33,225.0,540,0,0,False,False
Bill Dickie,1942,1942,1,,1.0,0.0,3,,60,0,0,False,False
Connie Dion,1944,1945,38,,23.0,11.0,119,,2280,0,0,False,False
Michel Dion,1980,1985,227,,60.0,118.0,898,6024.0,12660,0,6,False,False
Michael DiPietro,2019,2022,3,2.0,0.0,2.0,11,37.0,125,0,0,False,False
Rick DiPietro,2001,2013,318,108.0,130.0,136.0,871,8044.0,18199,0,19,False,False
Reinhard Divis,2002,2006,28,,6.0,9.0,67,493.0,1212,0,0,False,False
Jakub Dobes,2025,2025,16,15.0,7.0,4.0,40,400.0,875,0,0,True,False
Dolly Dolson,1929,1931,93,,35.0,41.0,192,,5820,0,0,False,False
Louis Domingue,2015,2025,144,128.0,61.0,60.0,394,3776.0,7848,0,2,True,False
Rob Dopson,1994,1994,2,,0.0,0.0,3,20.0,45,0,0,False,False
Lukáš Dostál,2022,2025,121,107.0,42.0,58.0,364,3358.0,6645,0,0,True,False
Bruce Dowie,1984,1984,2,,0.0,1.0,4,39.0,72,0,0,False,False
Tom Draper,1989,1996,53,,19.0,23.0,173,1233.0,2807,0,3,False,False
Chris Driedger,2015,2024,67,60.0,31.0,24.0,151,1661.0,3698,0,2,False,False
Dave Dryden,1962,1980,203,,69.0,76.0,554,4750.0,10401,0,4,False,False
Ken Dryden,1971,1979,397,,258.0,57.0,870,10213.0,23330,0,19,False,True
Wade Dubielewicz,2004,2010,43,20.0,18.0,16.0,97,1034.0,2196,0,0,False,False
Devan Dubnyk,2010,2021,542,514.0,253.0,206.0,1338,14194.0,30792,0,8,False,False
Jeremy Duchesne,2010,2010,1,0.0,0.0,0.0,1,3.0,17,0,0,False,False
Parris Duffus,1997,1997,1,,0.0,0.0,1,7.0,29,0,0,False,False
Michel Dumas,1975,1977,8,,2.0,1.0,24,158.0,362,0,1,False,False
Mike Dunham,1997,2007,394,,141.0,178.0,989,9712.0,21653,0,5,False,False
Bob Dupuis,1980,1980,1,,0.0,1.0,4,31.0,59,0,0,False,False
Bill Durnan,1944,1950,383,,208.0,112.0,901,,22945,0,1,False,True
Ed Dyck,1972,1974,49,,8.0,28.0,178,1083.0,2449,0,0,False,False
Don Edwards,1977,1986,459,,208.0,155.0,1448,11380.0,26143,0,15,False,False
Gary Edwards,1969,1982,286,,88.0,125.0,973,7065.0,15980,0,7,False,False
Marv Edwards,1969,1974,61,,15.0,34.0,218,1818.0,3462,0,3,False,False
Roy Edwards,1968,1974,236,,96.0,90.0,637,5856.0,13088,0,2,False,False
Brian Eklund,2006,2006,1,,0.0,1.0,3,16.0,58,0,0,False,False
Darren Eliot,1985,1989,88,,24.0,41.0,374,2117.0,4857,0,2,False,False
Ken Ellacott,1983,1983,12,,2.0,3.0,41,268.0,551,0,0,False,False
Brian Elliott,2008,2023,543,496.0,279.0,167.0,1290,12961.0,30139,0,11,False,False
Dan Ellis,2004,2015,212,180.0,87.0,79.0,526,5053.0,11306,0,6,False,False
Ray Emery,2003,2015,287,156.0,145.0,86.0,697,6735.0,15488,0,4,False,False
Jhonas Enroth,2010,2017,153,132.0,50.0,69.0,397,3982.0,8387,0,0,False,False
Chad Erickson,1992,1992,2,,1.0,1.0,9,46.0,120,0,0,False,False
Joacim Eriksson,2014,2014,1,0.0,,,6,25.0,36,0,0,False,False
Olle Eriksson Ek,2023,2023,1,1.0,0.0,0.0,5,34.0,64,0,0,False,False
Erik Ersberg,2008,2010,53,45.0,18.0,19.0,120,1217.0,2827,0,0,False,False
Samuel Ersson,2023,2025,110,104.0,51.0,39.0,301,2392.0,6056,0,0,True,False
Robert Esche,1999,2007,186,,78.0,64.0,464,4152.0,10139,0,8,False,False
Tony Esposito,1969,1984,886,,423.0,306.0,2563,24761.0,52476,0,25,False,True
Bob Essensa,1989,2002,446,,173.0,176.0,1270,10829.0,24215,0,15,False,False
Claude Evans,1955,1958,5,,1.0,2.0,16,30.0,260,0,0,False,False
Randy Exelby,1989,1990,2,,0.0,1.0,5,25.0,63,0,0,False,False
Scott Fankhouser,2000,2001,23,,4.0,12.0,65,546.0,1180,0,0,False,False
Rocky Farr,1973,1975,19,,2.0,6.0,42,355.0,720,0,0,False,False
Viktor Fasth,2013,2015,63,59.0,26.0,26.0,161,1521.0,3465,0,0,False,False
Doug Favell,1968,1979,373,,124.0,153.0,1096,10388.0,20729,0,8,False,False
Ivan Fedotov,2024,2025,29,25.0,6.0,14.0,85,592.0,1550,0,0,True,False
Dylan Ferguson,2018,2023,3,2.0,1.0,1.0,6,79.0,128,0,0,False,False
Manny Fernandez,1995,2009,325,31.0,143.0,123.0,775,8028.0,18580,0,6,False,False
Éric Fichaud,1996,2001,95,,22.0,47.0,251,2194.0,4799,0,1,False,False
Brian Finley,2003,2007,4,,0.0,2.0,13,74.0,166,0,0,False,False
Stéphane Fiset,1990,2002,390,,164.0,153.0,1114,9964.0,21785,0,12,False,False
Mark Fitzpatrick,1989,2000,329,,113.0,136.0,953,8242.0,18329,0,12,False,False
Wade Flaherty,1992,2003,120,,27.0,56.0,348,2745.0,5941,0,3,False,False
Marc-André Fleury,2004,2025,1051,886.0,575.0,339.0,2633,27188.0,60666,0,22,True,False
Jake Forbes,1920,1933,210,,85.0,114.0,594,,12923,0,0,False,False
Brian Ford,1984,1985,11,,3.0,7.0,61,306.0,579,0,0,False,False
Anton Forsberg,2015,2025,190,174.0,74.0,81.0,511,4832.0,10090,0,2,True,False
Brian Foster,2012,2012,1,0.0,0.0,0.0,0,1.0,5,0,0,False,False
Norm Foster,1991,1992,13,,7.0,4.0,34,231.0,623,0,0,False,False
Scott Foster,2018,2018,1,0.0,0.0,0.0,0,7.0,14,0,0,False,False
Mike Fountain,1997,2001,11,,2.0,6.0,28,206.0,483,0,0,False,False
Hec Fowler,1925,1925,7,,1.0,6.0,42,,409,0,0,False,False
Emile Francis,1947,1952,95,,32.0,52.0,354,,5660,0,0,False,True
Pavel Francouz,2019,2023,73,65.0,44.0,21.0,172,1960.0,4140,0,1,False,False
Jimmy Franks,1938,1944,42,,12.0,23.0,181,,2520,0,0,False,False
Jeff Frazee,2013,2013,1,0.0,0.0,0.0,0,3.0,19,0,0,False,False
Ray Frederick,1955,1955,5,,0.0,4.0,22,,300,0,0,False,False
Karl Friesen,1987,1987,4,,0.0,2.0,16,64.0,130,0,1,False,False
Bob Froese,1983,1990,242,,128.0,72.0,694,5606.0,13433,0,10,False,False
Zachary Fucale,2022,2022,4,3.0,1.0,1.0,5,61.0,172,0,0,False,False
Grant Fuhr,1982,2000,868,,403.0,295.0,2756,21620.0,48927,0,47,False,True
Yutaka Fukufuji,2007,2007,4,,0.0,3.0,7,36.0,96,0,0,False,False
Kaden Fulcher,2019,2019,1,0.0,0.0,0.0,2,9.0,27,0,0,False,False
Joaquin Gage,1995,2001,23,,4.0,12.0,67,448.0,1076,0,1,False,False
Dave Gagnon,1991,1991,2,,0.0,1.0,6,22.0,35,0,0,False,False
Bruce Gamble,1959,1972,328,,111.0,152.0,993,9592.0,18471,0,1,False,False
Troy Gamble,1987,1992,72,,22.0,29.0,229,1605.0,3804,0,1,False,False
Bert Gardiner,1936,1944,144,,49.0,68.0,554,,8760,0,1,False,False
Charlie Gardiner,1928,1934,316,,112.0,151.0,664,,19687,0,0,False,True
George Gardner,1966,1972,66,,16.0,31.0,207,1624.0,3306,0,0,False,False
Tyrone Garner,1999,1999,3,,0.0,2.0,12,62.0,139,0,0,False,False
Michael Garnett,2006,2006,24,,10.0,7.0,73,561.0,1271,0,2,False,False
Mathieu Garon,2001,2013,341,176.0,144.0,131.0,865,8073.0,18342,0,7,False,False
John Garrett,1980,1985,207,,68.0,91.0,837,5407.0,11739,0,6,False,False
Dave Gatherum,1954,1954,3,,2.0,0.0,3,,180,0,0,False,False
Paul Gauthier,1938,1938,1,,0.0,0.0,2,,70,0,0,False,False
Sean Gauthier,1999,1999,1,,0.0,0.0,0,2.0,3,0,0,False,False
Jack Gelineau,1949,1954,143,,46.0,64.0,447,,8579,0,0,False,False
Alexandar Georgiev,2018,2025,303,288.0,151.0,108.0,847,7892.0,17011,0,8,True,False
Martin Gerber,2003,2011,229,84.0,113.0,78.0,566,5783.0,12920,0,7,False,False
Ed Giacomin,1966,1978,610,,290.0,209.0,1672,15452.0,35582,0,9,False,True
Christopher Gibson,2016,2021,16,12.0,4.0,5.0,43,391.0,774,0,0,False,False
John Gibson,2014,2025,506,494.0,204.0,217.0,1387,14033.0,28803,0,7,True,False
Jean-Sébastien Giguère,1997,2014,597,222.0,262.0,216.0,1423,14902.0,33717,0,7,False,False
Gilles Gilbert,1970,1983,416,,192.0,143.0,1290,9772.0,23642,0,9,False,False
Andre Gill,1968,1968,5,,3.0,1.0,13,121.0,270,0,0,False,False
Jon Gillies,2017,2023,35,27.0,8.0,16.0,101,823.0,1788,0,1,False,False
Jeff Glass,2018,2018,15,13.0,3.0,7.0,46,406.0,821,0,0,False,False
Paul Goodman,1940,1941,52,,23.0,20.0,117,,3240,0,0,False,False
Scott Gordon,1990,1991,23,,2.0,16.0,101,491.0,1082,0,0,False,False
Mario Gosselin,1984,1994,241,,91.0,106.0,800,5380.0,12835,0,9,False,False
David Goverde,1992,1994,5,,1.0,4.0,29,122.0,278,0,1,False,False
John Grahame,2000,2008,224,12.0,97.0,86.0,574,5038.0,12363,0,9,False,False
Ron Grahame,1978,1981,114,,50.0,43.0,409,2643.0,6466,0,3,False,False
Benny Grant,1929,1944,53,,18.0,27.0,192,,3085,0,0,False,False
Doug Grant,1974,1980,77,,27.0,34.0,280,1812.0,4195,0,0,False,False
Gilles Gratton,1976,1977,47,,13.0,18.0,154,997.0,2295,0,0,False,False
Gerry Gray,1971,1973,8,,1.0,5.0,35,228.0,440,0,0,False,False
Harrison Gray,1964,1964,1,,0.0,1.0,5,26.0,40,0,0,False,False
Jet Greaves,2023,2025,21,20.0,10.0,9.0,54,661.0,1235,0,0,True,False
Mike Greenlay,1990,1990,2,,0.0,0.0,4,13.0,20,0,1,False,False
Thomas Greiss,2008,2023,368,323.0,162.0,130.0,902,9258.0,19567,0,4,False,False
Troy Grosenick,2015,2021,4,4.0,2.0,2.0,9,126.0,238,0,0,False,False
Philipp Grubauer,2013,2025,370,337.0,166.0,139.0,899,8877.0,20352,0,6,True,False
Kristers Gudlevskis,2014,2017,3,2.0,1.0,0.0,3,70.0,131,0,0,False,False
Steve Guenette,1987,1991,35,,19.0,16.0,122,900.0,1956,0,1,False,False
Derek Gustafson,2001,2002,5,,1.0,3.0,10,94.0,265,0,0,False,False
Filip Gustavsson,2021,2025,169,161.0,83.0,59.0,435,4541.0,9782,1,3,True,False
Jonas Gustavsson,2010,2017,179,157.0,72.0,67.0,466,4251.0,9721,0,4,False,False
Jeff Hackett,1989,2004,500,,166.0,244.0,1361,12512.0,28125,0,9,False,False
Matt Hackett,2012,2015,26,20.0,4.0,17.0,67,642.0,1291,0,0,False,False
George Hainsworth,1927,1937,465,,246.0,144.0,937,,29104,0,0,False,True
Jaroslav Halák,2007,2023,581,539.0,295.0,189.0,1390,15004.0,33303,0,13,False,False
Glenn Hall,1953,1971,906,,407.0,326.0,2223,24611.0,53449,0,9,False,True
Brandon Halverson,2018,2025,2,1.0,0.0,1.0,6,24.0,71,0,0,True,False
Pierre Hamel,1975,1981,69,,13.0,41.0,276,1828.0,3755,0,3,False,False
Andrew Hammond,2014,2022,67,59.0,31.0,20.0,157,1706.0,3678,0,1,False,False
Glen Hanlon,1978,1991,476,,167.0,202.0,1561,11843.0,25975,0,11,False,False
Josh Harding,2006,2014,151,117.0,60.0,59.0,327,3657.0,7995,0,2,False,False
Paul Harrison,1976,1982,109,,28.0,59.0,408,2585.0,5790,0,1,False,False
Carter Hart,2019,2024,227,218.0,96.0,93.0,625,6005.0,12751,0,2,False,False
Dominik Hašek,1991,2008,735,40.0,389.0,223.0,1572,18648.0,42837,0,19,False,True
Adam Hauser,2006,2006,1,,0.0,0.0,6,18.0,51,0,0,False,False
Brian Hayward,1983,1993,357,,143.0,156.0,1241,8602.0,19992,0,13,False,False
Don Head,1962,1962,38,,9.0,26.0,158,1149.0,2280,0,0,False,False
Glenn Healy,1986,2001,437,,166.0,190.0,1361,10684.0,24252,0,15,False,False
Guy Hebert,1992,2001,491,,191.0,222.0,1307,13093.0,27889,0,6,False,False
Sammy Hebert,1918,1924,4,,2.0,1.0,19,,200,0,0,False,False
Johan Hedberg,2001,2013,373,169.0,161.0,143.0,977,8941.0,20758,0,10,False,False
Cal Heeter,2014,2014,1,1.0,0.0,0.0,5,33.0,64,0,0,False,False
Rick Heinz,1981,1985,49,,14.0,19.0,159,951.0,2347,0,1,False,False
Riku Helenius,2009,2009,1,0.0,0.0,0.0,0,2.0,7,0,0,False,False
Magnus Hellberg,2014,2024,26,17.0,8.0,8.0,63,509.0,1227,0,0,False,False
Connor Hellebuyck,2016,2025,568,558.0,322.0,185.0,1406,15660.0,32999,0,10,True,False
John Henderson,1955,1956,46,,15.0,14.0,117,24.0,2718,0,0,False,False
Gord Henry,1949,1950,3,,1.0,2.0,5,,180,0,0,False,False
Jim Henry,1942,1955,405,,161.0,174.0,1150,,24264,0,0,False,False
Denis Herron,1973,1986,462,,146.0,203.0,1578,12676.0,25550,0,9,False,False
Ron Hextall,1987,1999,608,,296.0,214.0,1723,14634.0,34739,1,32,False,False
Hec Highton,1944,1944,24,,10.0,14.0,108,,1440,0,0,False,False
Dennis Hildeby,2025,2025,6,6.0,3.0,3.0,20,136.0,361,0,0,True,False
Adin Hill,2018,2025,186,173.0,96.0,64.0,452,4513.0,10360,0,4,True,False
Jonas Hiller,2008,2016,404,374.0,197.0,140.0,960,10262.0,22601,0,8,False,False
Corey Hirsch,1993,2003,108,,34.0,45.0,301,2594.0,5775,0,3,False,False
Milan Hnilička,2000,2004,121,,29.0,67.0,359,3239.0,6509,0,2,False,False
Charlie Hodge,1955,1971,358,,153.0,130.0,924,8649.0,20501,0,0,False,False
Thomas Hodges,2022,2022,1,0.0,0.0,1.0,1,2.0,19,0,0,False,False
Kevin Hodson,1996,2003,71,,17.0,18.0,134,1116.0,2910,0,1,False,False
Joel Hofer,2022,2025,69,63.0,35.0,22.0,169,1657.0,3742,0,3,True,False
Bruce Hoffort,1990,1991,9,,4.0,0.0,22,157.0,368,0,0,False,False
Paul Hoganson,1971,1971,2,,0.0,1.0,7,21.0,57,0,0,False,False
Marcus Högberg,2019,2025,57,46.0,11.0,23.0,165,1341.0,2921,0,0,True,False
Göran Högosta,1978,1980,22,,5.0,12.0,83,557.0,1202,0,0,False,False
Mark Holden,1982,1985,8,,2.0,2.0,25,142.0,372,0,1,False,False
Ken Holland,1981,1984,4,,0.0,2.0,17,80.0,206,0,0,False,True
Rob Holland,1980,1981,44,,11.0,22.0,171,1056.0,2508,0,0,False,False
Hap Holmes,1918,1928,103,,39.0,54.0,264,,6409,0,0,False,True
Johan Holmqvist,2001,2008,99,47.0,48.0,34.0,262,2127.0,5264,0,4,False,False
Chris Holt,2006,2009,2,0.0,0.0,0.0,0,5.0,29,0,0,False,False
Braden Holtby,2011,2022,513,501.0,299.0,143.0,1271,13610.0,29406,0,12,False,False
Martin Houle,2007,2007,1,,0.0,0.0,1,2.0,2,0,0,False,False
Michael Houser,2021,2022,6,6.0,4.0,2.0,18,200.0,363,0,0,False,False
Jimmy Howard,2006,2020,543,518.0,246.0,196.0,1343,13970.0,30757,0,9,False,False
Jim Hrivnak,1990,1994,85,,34.0,30.0,262,1865.0,4217,0,5,False,False
Kelly Hrudey,1984,1998,677,,271.0,265.0,2174,18137.0,38059,0,16,False,False
Cristobal Huet,2003,2010,272,137.0,129.0,90.0,625,6591.0,15260,0,3,False,False
Shawn Hunwick,2012,2012,1,0.0,0.0,0.0,0,0.0,3,0,0,False,False
Jani Hurme,2000,2003,76,,29.0,25.0,176,1691.0,4041,0,0,False,False
Adam Huska,2022,2022,1,1.0,0.0,1.0,7,32.0,60,0,0,False,False
Ville Husso,2021,2025,145,138.0,71.0,46.0,413,3778.0,8131,0,1,True,False
Michael Hutchinson,2014,2024,154,127.0,57.0,62.0,395,3648.0,8071,0,2,False,False
Carter Hutton,2013,2022,235,207.0,94.0,90.0,580,5699.0,12608,0,5,False,False
Peter Ing,1990,1994,74,,20.0,37.0,266,1910.0,3941,0,3,False,False
Connor Ingram,2022,2025,102,99.0,39.0,44.0,302,2768.0,5778,0,5,True,False
Gary Inness,1974,1981,162,,58.0,61.0,494,4071.0,8688,0,5,False,False
Artūrs Irbe,1992,2004,568,,218.0,236.0,1513,13520.0,32066,0,9,False,False
Randy Ireland,1979,1979,2,,0.0,0.0,3,18.0,30,0,0,False,False
Robbie Irons,1969,1969,1,,0.0,0.0,0,1.0,3,0,0,False,False
Joe Ironstone,1926,1928,2,,0.0,0.0,3,,110,0,0,False,False
Leland Irving,2012,2013,13,12.0,3.0,4.0,36,331.0,664,0,1,False,False
Pat Jablonski,1990,1998,128,,28.0,62.0,413,2998.0,6634,0,4,False,False
Doug Jackson,1948,1948,6,,1.0,4.0,42,,360,0,0,False,False
Percy Jackson,1932,1936,7,,1.0,3.0,26,,390,0,0,False,False
Pauli Jaks,1995,1995,1,,0.0,0.0,2,23.0,40,0,0,False,False
Steve Janaszak,1980,1982,3,,0.0,1.0,15,104.0,160,0,0,False,False
Bob Janecyk,1984,1989,111,,44.0,47.0,435,2843.0,6287,0,4,False,False
Tristan Jarry,2017,2025,293,281.0,152.0,97.0,755,7568.0,16480,1,11,True,False
Al Jensen,1981,1987,179,,95.0,53.0,557,4098.0,9950,0,4,False,False
Darren Jensen,1985,1986,30,,15.0,10.0,95,688.0,1491,0,1,False,False
Jonas Johansson,2020,2025,80,70.0,32.0,26.0,240,1934.0,4360,0,0,True,False
Bob Johnson,1973,1975,23,,9.0,9.0,66,489.0,1061,0,0,False,False
Brent Johnson,1999,2012,309,85.0,140.0,112.0,744,6973.0,16978,0,10,False,False
Chad Johnson,2010,2019,192,164.0,80.0,72.0,468,4589.0,10301,0,3,False,False
Eddie Johnston,1963,1978,592,,236.0,256.0,1852,15888.0,34174,0,10,False,False
Martin Jones,2014,2024,466,449.0,236.0,171.0,1199,11444.0,26490,0,4,False,False
Curtis Joseph,1990,2009,943,16.0,454.0,352.0,2516,24279.0,54054,0,31,False,False
Joe Junkin,1969,1969,1,,0.0,0.0,0,4.0,9,0,0,False,False
Jari Kaarela,1981,1981,5,,2.0,2.0,22,93.0,220,0,0,False,False
Kaapo Kähkönen,2020,2025,140,132.0,49.0,68.0,431,3797.0,7743,0,2,True,False
Erik Källgren,2022,2023,24,21.0,11.0,6.0,68,563.0,1341,0,0,False,False
Hannu Kamppuri,1985,1985,13,,1.0,10.0,54,295.0,634,0,1,False,False
Mike Karakas,1936,1946,336,,114.0,169.0,1000,,20618,0,1,False,False
Henrik Karlsson,2011,2012,26,18.0,5.0,9.0,60,570.0,1292,0,0,False,False
Jason Kasdorf,2016,2016,1,1.0,0.0,1.0,4,26.0,60,0,0,False,False
Kasimir Kaskisuo,2020,2021,2,1.0,0.0,1.0,6,35.0,75,0,0,False,False
Doug Keans,1980,1988,210,,96.0,64.0,666,4606.0,11372,0,6,False,False
Don Keenan,1959,1959,1,,0.0,1.0,4,37.0,60,0,0,False,False
Matt Keetley,2008,2008,1,0.0,0.0,0.0,0,2.0,9,0,0,False,False
Dave Kerr,1931,1941,430,,204.0,149.0,954,,26807,0,0,False,False
Nikolai Khabibulin,1995,2014,799,207.0,333.0,334.0,2071,20258.0,45609,0,18,False,False
Anton Khudobin,2010,2023,260,238.0,114.0,92.0,603,6542.0,14361,0,8,False,False
Trevor Kidd,1992,2004,387,,140.0,162.0,1014,9223.0,21426,0,13,False,False
Scott King,1991,1992,2,,0.0,0.0,3,13.0,61,0,0,False,False
Keith Kinkaid,2013,2023,169,146.0,70.0,58.0,448,4287.0,9241,0,3,False,False
Miikka Kiprusoff,2001,2013,623,386.0,319.0,213.0,1500,15614.0,36169,0,10,False,False
Matiss Kivlenieks,2020,2021,8,6.0,2.0,2.0,21,187.0,408,0,0,False,False
Terry Kleisinger,1986,1986,4,,0.0,2.0,14,95.0,190,0,0,False,False
Julian Klymkiw,1959,1959,1,,0.0,0.0,2,7.0,19,0,0,False,False
Connor Knapp,2014,2014,2,1.0,0.0,0.0,4,28.0,77,0,1,False,False
Rick Knickle,1993,1994,14,,7.0,6.0,44,319.0,706,0,0,False,False
Spencer Knight,2021,2025,95,85.0,49.0,33.0,251,2361.0,5318,0,3,True,False
Dieter Kochan,2000,2003,21,,1.0,11.0,56,350.0,849,0,0,False,False
Pyotr Kochetkov,2022,2025,116,112.0,65.0,36.0,276,2615.0,6715,0,3,True,False
Niklas Kokko,2025,2025,1,0.0,0.0,0.0,2,4.0,30,0,0,True,False
Vitali Kolesnik,2006,2006,8,,3.0,3.0,20,158.0,370,0,1,False,False
Aleksei Kolosov,2025,2025,17,13.0,5.0,9.0,54,352.0,902,0,0,True,False
Olaf Kölzig,1990,2009,719,60.0,303.0,297.0,1885,18233.0,41670,0,17,False,False
Evgeny Konstantinov,2001,2003,2,,0.0,0.0,1,5.0,21,0,0,False,False
Josef Kořenář,2021,2022,12,7.0,3.0,5.0,29,264.0,562,0,0,False,False
Joonas Korpisalo,2016,2025,303,274.0,126.0,117.0,853,7722.0,16787,0,3,True,False
Mikko Koskinen,2011,2022,168,157.0,85.0,60.0,470,4527.0,9384,0,4,False,False
Brent Krahn,2009,2009,1,0.0,0.0,0.0,3,6.0,20,0,0,False,False
Darcy Kuemper,2013,2025,439,418.0,209.0,146.0,1055,11310.0,24924,0,6,True,False
Les Kuntar,1994,1994,6,,2.0,2.0,16,114.0,302,0,0,False,False
Gary Kurt,1972,1972,16,,1.0,7.0,60,357.0,837,0,0,False,False
Jason LaBarbera,2001,2015,187,124.0,62.0,73.0,457,4476.0,9615,0,2,False,False
Jean-François Labbé,2000,2003,15,,3.0,6.0,36,287.0,628,0,0,False,False
Patrick Labrecque,1996,1996,2,,0.0,1.0,7,40.0,98,0,0,False,False
Blaine Lacher,1995,1996,47,,22.0,16.0,123,966.0,2636,0,1,False,False
Eddie Läck,2014,2018,144,126.0,56.0,55.0,349,3483.0,7996,0,2,False,False
Dan LaCosta,2008,2009,4,2.0,2.0,0.0,4,81.0,169,0,0,False,False
Frenchy Lacroix,1926,1926,5,,1.0,4.0,16,,280,0,0,False,False
Rick LaFerriere,1982,1982,1,,0.0,0.0,1,18.0,20,0,0,False,False
Jack LaFontaine,2022,2022,2,1.0,0.0,1.0,9,32.0,75,0,0,False,False
Mark LaForest,1986,1994,103,,25.0,54.0,354,2328.0,5023,0,6,False,False
Maxime Lagace,2018,2022,20,18.0,8.0,9.0,71,477.0,1092,0,0,False,False
Simon Lajeunesse,2002,2002,1,,0.0,0.0,0,9.0,24,0,0,False,False
Patrick Lalime,1997,2011,444,68.0,200.0,174.0,1085,10285.0,25241,0,6,False,False
Marc Lamothe,2000,2004,4,,2.0,1.0,13,95.0,241,0,0,False,False
Marek Langhamer,2017,2018,2,0.0,0.0,0.0,1,17.0,45,0,0,False,False
Scott Langkow,1996,2000,20,,3.0,12.0,68,406.0,943,0,0,False,False
Kevin Lankinen,2021,2025,163,150.0,70.0,58.0,452,4263.0,9271,0,5,True,False
Michel Larocque,1974,1984,312,,160.0,89.0,978,7329.0,17593,0,18,False,False
Michel Larocque,2001,2001,3,,0.0,2.0,9,50.0,152,0,0,False,False
Ján Lašák,2002,2003,6,,0.0,4.0,18,125.0,267,0,0,False,False
Gary Laskoski,1983,1984,59,,19.0,27.0,228,1300.0,2940,0,1,False,False
Nathan Lawson,2011,2014,11,7.0,1.0,4.0,28,225.0,396,0,0,False,False
Gord Laxton,1976,1979,17,,4.0,9.0,74,361.0,799,0,0,False,False
Ray LeBlanc,1992,1992,1,,1.0,0.0,1,21.0,60,0,0,False,False
Pascal Leclaire,2004,2011,173,108.0,61.0,76.0,453,4245.0,9406,0,4,False,False
Manny Legace,1999,2010,365,117.0,187.0,99.0,809,8342.0,20140,0,9,False,False
Claude Legris,1981,1982,4,,0.0,1.0,4,48.0,91,0,1,False,False
Hugh Lehman,1927,1928,48,,20.0,24.0,136,,3045,0,0,False,True
Robin Lehner,2011,2022,364,345.0,152.0,141.0,929,10202.0,20582,0,6,False,False
Kari Lehtonen,2004,2018,649,512.0,310.0,233.0,1662,17258.0,36838,0,28,False,False
Michael Leighton,2003,2017,110,53.0,37.0,43.0,298,2687.0,6004,0,4,False,False
Réjean Lemelin,1979,1993,506,,236.0,161.0,1609,12272.0,27913,0,17,False,False
Mike Lenarduzzi,1993,1994,4,,1.0,1.0,10,89.0,189,0,0,False,False
David LeNeveu,2006,2011,22,0.0,5.0,9.0,61,479.0,1067,0,0,False,False
Tristan Lennox,2025,2025,1,0.0,0.0,0.0,1,1.0,5,0,0,True,False
Mario Lessard,1979,1984,240,,92.0,97.0,844,5870.0,13493,0,6,False,False
Jean-Louis Levasseur,1980,1980,1,,0.0,1.0,7,29.0,60,0,0,False,False
Devon Levi,2023,2025,39,36.0,17.0,17.0,121,1025.0,2205,0,0,True,False
Nathan Lieuwen,2014,2014,7,5.0,1.0,4.0,18,173.0,363,0,0,False,False
Anders Lindbäck,2011,2016,130,102.0,45.0,58.0,327,3076.0,6843,0,4,False,False
Pelle Lindbergh,1982,1986,157,,87.0,49.0,503,3929.0,9124,0,5,False,False
Charlie Lindgren,2016,2025,149,140.0,73.0,53.0,394,3764.0,8518,0,1,True,False
Bert Lindsay,1918,1919,20,,6.0,14.0,118,,1218,0,0,False,False
Neil Little,2002,2004,2,,0.0,2.0,6,31.0,93,0,0,False,False
David Littman,1991,1993,3,,0.0,2.0,14,54.0,141,0,0,False,False
Mike Liut,1980,1992,663,,293.0,271.0,2218,16665.0,38097,0,13,False,False
Ken Lockett,1975,1976,55,,13.0,15.0,131,1059.0,2340,0,0,False,False
Howard Lockhart,1920,1925,59,,16.0,41.0,287,,3412,0,0,False,False
Pete LoPresti,1975,1981,175,,43.0,102.0,668,4570.0,9844,0,3,False,False
Sam LoPresti,1941,1942,74,,30.0,38.0,236,,4540,0,0,False,False
Danny Lorenz,1991,1993,8,,1.0,5.0,25,149.0,357,0,0,False,False
Ron Loustel,1981,1981,1,,0.0,1.0,10,41.0,60,0,0,False,False
Ron Low,1973,1985,382,,102.0,203.0,1463,9729.0,20465,0,8,False,False
Larry Lozinski,1981,1981,30,,6.0,11.0,104,630.0,1454,0,1,False,False
Harry Lumley,1944,1960,803,,330.0,329.0,2196,3812.0,48038,0,0,False,True
Henrik Lundqvist,2006,2020,887,752.0,459.0,310.0,2101,23509.0,51818,0,27,False,True
Roberto Luongo,2000,2019,1044,615.0,489.0,392.0,2515,28409.0,59878,0,23,False,True
Ukko-Pekka Luukkonen,2021,2025,155,151.0,71.0,65.0,453,3986.0,8883,0,3,True,False
Alex Lyon,2018,2025,113,100.0,51.0,38.0,303,2784.0,6085,0,1,True,False
Joey MacDonald,2007,2014,133,100.0,44.0,61.0,367,3381.0,7331,0,1,False,False
Drew MacIntyre,2008,2014,6,1.0,0.0,2.0,8,83.0,199,0,0,False,False
Shawn MacKenzie,1983,1983,6,,0.0,1.0,15,53.0,130,0,0,False,False
Darrin Madeley,1993,1995,39,,4.0,23.0,140,919.0,1928,0,0,False,False
Andrey Makarov,2015,2015,1,1.0,0.0,1.0,3,33.0,60,0,0,False,False
Eetu Mäkiniemi,2023,2023,2,1.0,1.0,0.0,3,29.0,84,0,0,False,False
Clint Malarchuk,1982,1992,337,,141.0,130.0,1100,8474.0,19011,0,15,False,False
Kevin Mandolese,2023,2023,3,3.0,1.0,2.0,10,109.0,182,0,0,False,False
George Maneluk,1991,1991,4,,1.0,1.0,15,79.0,140,0,0,False,False
Cesare Maniago,1961,1978,568,,190.0,257.0,1773,16212.0,32544,0,4,False,False
Peter Mannino,2009,2012,6,2.0,1.0,1.0,15,112.0,226,0,0,False,False
Norm Maracle,1998,2002,66,,14.0,33.0,177,1543.0,3430,0,0,False,False
Jussi Markkanen,2002,2007,128,,43.0,47.0,297,2695.0,6610,0,2,False,False
Jacob Markström,2011,2025,534,517.0,241.0,212.0,1386,13719.0,30759,0,19,True,False
Jean Marois,1944,1954,3,,1.0,2.0,15,,180,0,0,False,False
Seth Martin,1968,1968,30,,9.0,10.0,67,713.0,1549,0,1,False,False
Spencer Martin,2017,2025,66,59.0,24.0,30.0,217,1635.0,3655,0,0,True,False
Bob Mason,1984,1991,145,,55.0,65.0,500,3638.0,7973,0,4,False,False
Chris Mason,1999,2013,317,205.0,137.0,113.0,754,7570.0,17004,1,3,False,False
Steve Mason,2009,2018,476,458.0,205.0,183.0,1211,12348.0,26947,0,12,False,False
Markus Mattsson,1980,1984,92,,21.0,46.0,343,2242.0,4987,0,3,False,False
Darrell May,1986,1988,6,,1.0,5.0,31,162.0,362,0,1,False,False
Gilles Mayer,1950,1956,9,,2.0,6.0,24,124.0,540,0,0,False,False
Marek Mazanec,2014,2017,31,25.0,8.0,13.0,82,702.0,1654,0,1,False,False
Ken McAuley,1944,1945,96,,17.0,64.0,537,,5740,0,0,False,False
Jack McCartan,1960,1961,12,,2.0,7.0,42,326.0,680,0,0,False,False
Thomas McCollum,2011,2015,3,0.0,1.0,0.0,4,29.0,81,0,0,False,False
Frank McCool,1945,1946,72,,33.0,32.0,242,,4320,0,0,False,False
Peter McDuffe,1972,1976,57,,11.0,36.0,218,1673.0,3208,0,1,False,False
Curtis McElhinney,2008,2021,249,197.0,94.0,95.0,615,6024.0,13018,0,4,False,False
Tom McGrattan,1948,1948,1,,0.0,0.0,1,,8,0,0,False,False
Zane McIntyre,2017,2017,8,3.0,0.0,4.0,22,133.0,333,0,0,False,False
Ross McKay,1991,1991,1,,0.0,0.0,3,12.0,35,0,0,False,False
Mike McKenna,2009,2019,35,27.0,7.0,17.0,107,869.0,1785,0,1,False,False
Bill McKenzie,1974,1980,91,,18.0,49.0,326,2146.0,4768,0,1,False,False
Steve McKichan,1991,1991,1,,0.0,0.0,2,6.0,20,0,0,False,False
Murray McLachlan,1971,1971,2,,0.0,1.0,4,13.0,25,0,0,False,False
Kirk McLean,1986,2001,612,,245.0,262.0,1904,14967.0,35043,0,23,False,False
Dave McLelland,1973,1973,2,,1.0,1.0,10,60.0,120,0,0,False,False
Jamie McLennan,1994,2007,254,,80.0,109.0,617,5419.0,13834,0,3,False,False
Don McLeod,1971,1972,18,,3.0,10.0,74,441.0,878,0,0,False,False
Jim McLeod,1972,1972,16,,6.0,6.0,44,355.0,878,0,1,False,False
Gerry McNamara,1961,1970,7,,2.0,2.0,14,145.0,321,0,0,False,False
Gerry McNeil,1948,1957,276,,119.0,105.0,645,221.0,16533,0,0,False,False
Michael McNiven,2022,2022,1,0.0,0.0,0.0,3,4.0,20,0,0,False,False
Gord McRae,1973,1978,71,,30.0,22.0,221,1696.0,3792,0,0,False,False
Rob McVicar,2006,2006,1,,0.0,0.0,0,0.0,3,0,0,False,False
Roland Melanson,1981,1992,291,,129.0,106.0,995,7529.0,16422,0,12,False,False
Alexei Melnichuk,2021,2021,3,2.0,0.0,1.0,11,70.0,131,0,0,False,False
Gilles Meloche,1971,1988,788,,270.0,351.0,2755,21140.0,45323,0,22,False,False
Leevi Merilainen,2023,2025,14,13.0,8.0,4.0,28,316.0,748,0,0,True,False
Elvis Merzļikins,2020,2025,244,229.0,94.0,100.0,726,6650.0,13622,0,5,True,False
Corrado Micalef,1982,1986,113,,26.0,59.0,409,2435.0,5771,0,5,False,False
Alfie Michaud,2000,2000,2,,0.0,1.0,5,22.0,69,0,0,False,False
Olivier Michaud,2002,2002,1,,0.0,0.0,0,14.0,18,0,0,False,False
Lindsay Middlebrook,1980,1983,37,,3.0,23.0,152,900.0,1841,0,1,False,False
Al Millar,1958,1958,6,,1.0,4.0,25,158.0,360,0,0,False,False
Greg Millen,1979,1992,604,,215.0,284.0,2281,15722.0,35299,0,18,False,False
Joe Miller,1928,1931,130,,24.0,89.0,383,,7952,0,0,False,False
Ryan Miller,2003,2021,796,644.0,391.0,289.0,2029,21665.0,46144,0,12,False,False
Mike Minard,2000,2000,1,,1.0,0.0,3,33.0,60,0,0,False,False
Trent Miner,2025,2025,2,1.0,0.0,1.0,4,29.0,92,0,0,True,False
Eddie Mio,1980,1986,192,,64.0,73.0,705,4598.0,10405,0,11,False,False
Hunter Miska,2019,2021,6,5.0,1.0,1.0,19,101.0,278,0,0,False,False
Mike Mitchell,1920,1922,22,,10.0,9.0,88,,1190,0,0,False,False
Mike Moffat,1982,1984,18,,7.0,6.0,67,317.0,918,0,0,False,False
Sam Montembeault,2019,2025,206,188.0,80.0,84.0,617,5476.0,11532,0,4,True,False
Al Montoya,2009,2018,168,136.0,67.0,49.0,405,4013.0,9170,0,5,False,False
Andy Moog,1981,1998,713,,372.0,209.0,2097,17226.0,40130,0,24,False,False
Alfie Moore,1937,1940,21,,7.0,14.0,81,,1280,0,0,False,False
Robbie Moore,1979,1983,6,,3.0,1.0,8,95.0,257,0,1,False,False
Jean-Guy Morissette,1964,1964,1,,0.0,1.0,4,13.0,36,0,0,False,False
Mike Morrison,2006,2007,29,,11.0,7.0,67,452.0,1226,0,1,False,False
Tyler Moss,1998,2003,30,,6.0,16.0,81,665.0,1496,0,1,False,False
Johnny Mowers,1941,1947,152,,65.0,61.0,399,,9350,0,0,False,False
Jerome Mrazek,1976,1976,1,,0.0,0.0,1,1.0,6,0,0,False,False
Petr Mrázek,2013,2025,428,397.0,180.0,176.0,1134,10904.0,23889,0,5,True,False
Adam Munro,2004,2006,17,,4.0,10.0,51,400.0,927,0,1,False,False
Hal Murphy,1953,1953,1,,1.0,0.0,4,,60,0,0,False,False
Mike Murphy,2012,2012,2,0.0,0.0,1.0,0,9.0,36,0,0,False,False
Matt Murray,2016,2025,274,266.0,147.0,87.0,725,7349.0,15544,0,5,True,False
Matt Murray,2023,2024,4,4.0,2.0,2.0,10,77.0,237,0,0,False,False
Mickey Murray,1930,1930,1,,0.0,1.0,4,,60,0,0,False,False
Jason Muzzatti,1994,1998,62,,13.0,25.0,167,1411.0,3014,0,1,False,False
Jarmo Myllys,1989,1992,39,,4.0,27.0,161,978.0,1846,0,1,False,False
Sergei Mylnikov,1990,1990,10,,1.0,7.0,47,282.0,568,0,0,False,False
Phil Myre,1970,1983,439,,149.0,198.0,1481,11320.0,25184,0,10,False,False
Evgeni Nabokov,2000,2015,697,340.0,353.0,227.0,1630,16768.0,40152,1,15,False,False
Gregg Naumenko,2001,2001,2,,0.0,1.0,7,22.0,70,0,0,False,False
Alex Nedeljkovic,2017,2025,179,160.0,74.0,60.0,498,4645.0,9973,1,5,True,False
Michal Neuvirth,2009,2019,257,228.0,105.0,93.0,626,6358.0,13852,0,4,False,False
Cam Newton,1971,1973,16,,4.0,7.0,51,359.0,811,0,1,False,False
Antti Niemi,2009,2019,464,443.0,242.0,140.0,1123,11589.0,26265,0,12,False,False
Antero Niittymäki,2004,2011,234,119.0,95.0,86.0,645,5954.0,13113,0,3,False,False
Anders Nilsson,2012,2020,161,144.0,59.0,74.0,454,4428.0,8900,0,3,False,False
Cristopher Nilstorp,2013,2014,6,5.0,1.0,3.0,18,145.0,330,0,0,False,False
Mika Noronen,2001,2006,71,,23.0,32.0,163,1479.0,3652,1,0,False,False
Fredrik Norrena,2007,2009,100,35.0,35.0,45.0,243,2166.0,5235,0,1,False,False
Jack Norris,1965,1971,58,,20.0,25.0,202,1622.0,3118,0,0,False,False
Pasi Nurminen,2002,2004,125,,48.0,54.0,338,3181.0,7059,0,5,False,False
Matt O'Connor,2016,2016,1,1.0,0.0,1.0,3,31.0,58,0,0,False,False
Mike O'Neill,1992,1997,21,,0.0,9.0,61,372.0,855,0,0,False,False
Jake Oettinger,2021,2025,251,242.0,149.0,66.0,608,6296.0,14452,0,5,True,False
Bill Oleschuk,1976,1980,55,,7.0,28.0,188,1278.0,2831,0,0,False,False
Dan Olesevich,1962,1962,1,,0.0,0.0,2,17.0,29,0,0,False,False
Joni Ortio,2014,2016,37,34.0,15.0,15.0,90,820.0,2030,0,2,False,False
Chris Osgood,1994,2011,744,115.0,401.0,216.0,1768,16861.0,42564,1,19,False,False
Victor Ostman,2025,2025,1,0.0,0.0,0.0,0,12.0,20,0,0,True,False
Maxime Ouellet,2001,2006,12,,2.0,6.0,34,316.0,663,0,1,False,False
Ted Ouimet,1969,1969,1,,0.0,1.0,2,29.0,59,0,0,False,False
Paul Pageau,1981,1981,1,,0.0,1.0,8,26.0,60,0,0,False,False
Marcel Paille,1958,1965,107,,32.0,52.0,362,3113.0,6340,0,1,False,False
Mike Palmateer,1977,1984,356,,149.0,138.0,1183,9422.0,20084,0,25,False,False
Darren Pang,1985,1989,81,,27.0,35.0,287,2150.0,4251,0,9,False,False
Bernie Parent,1966,1979,608,,271.0,198.0,1493,16069.0,35065,0,12,False,True
Bob Parent,1982,1983,3,,0.0,2.0,15,82.0,159,0,0,False,False
Rich Parent,1998,2001,32,,7.0,11.0,82,615.0,1561,0,0,False,False
Dave Parro,1981,1984,77,,21.0,36.0,274,1932.0,4005,0,2,False,False
Eddie Pasquale,2019,2019,3,3.0,2.0,1.0,12,90.0,182,0,0,False,False
Steve Passmore,1999,2004,93,,23.0,44.0,235,2010.0,5045,0,2,False,False
Jiří Patera,2023,2024,8,7.0,3.0,3.0,26,240.0,437,0,0,False,False
Dimitri Patzold,2008,2008,3,0.0,0.0,0.0,4,16.0,44,0,0,False,False
Ondřej Pavelec,2008,2018,398,374.0,156.0,167.0,1069,10425.0,22302,0,6,False,False
Alexander Pechurski,2010,2010,1,0.0,0.0,0.0,1,12.0,36,0,0,False,False
Pete Peeters,1979,1991,489,,246.0,156.0,1427,11092.0,27704,0,14,False,False
Jean-Marc Pelletier,1999,2004,7,,1.0,4.0,23,138.0,354,0,0,False,False
Marcel Pelletier,1951,1963,8,,1.0,6.0,31,27.0,394,0,0,False,False
Steve Penney,1984,1988,91,,35.0,38.0,313,1913.0,5180,0,1,False,False
Yaniv Perets,2024,2025,2,0.0,0.0,0.0,1,7.0,21,0,0,True,False
Bob Perreault,1956,1963,31,,8.0,16.0,103,922.0,1826,0,0,False,False
Justin Peters,2010,2017,83,68.0,25.0,38.0,230,2083.0,4482,0,2,False,False
Calvin Petersen,2019,2024,106,98.0,46.0,44.0,302,2808.0,6112,0,1,False,False
Jim Pettie,1977,1979,21,,9.0,7.0,71,417.0,1157,0,0,False,False
Calvin Pickard,2015,2025,175,144.0,69.0,71.0,447,4179.0,9283,0,4,True,False
Timo Pielmeier,2011,2011,1,0.0,0.0,0.0,5,7.0,40,0,0,False,False
Frank Pietrangelo,1988,1994,141,,46.0,59.0,490,3354.0,7137,0,3,False,False
Jacques Plante,1953,1973,837,,437.0,246.0,1960,20891.0,49513,0,8,False,True
Michel Plasse,1971,1982,298,,92.0,136.0,1058,7811.0,16740,0,9,False,False
Justin Pogge,2009,2009,7,6.0,1.0,4.0,27,146.0,372,0,0,False,False
Tomáš Pöpperle,2007,2007,2,,0.0,0.0,1,13.0,45,0,0,False,False
Erik Portillo,2025,2025,1,1.0,1.0,0.0,1,28.0,59,0,0,True,False
Félix Potvin,1992,2004,635,,266.0,260.0,1694,16170.0,36765,0,16,False,False
Kevin Poulin,2011,2015,50,44.0,18.0,25.0,140,1252.0,2735,0,1,False,False
Carey Price,2008,2022,712,700.0,361.0,261.0,1755,19304.0,42005,0,13,False,False
Cayden Primeau,2020,2025,55,45.0,13.0,24.0,174,1328.0,2828,0,2,True,False
Claude Pronovost,1956,1959,3,,1.0,1.0,7,55.0,120,0,0,False,False
Ivan Prosvetov,2021,2024,24,19.0,8.0,9.0,76,561.0,1231,0,0,False,False
Martin Prusek,2002,2006,57,,31.0,12.0,114,1132.0,2898,0,1,False,False
Daren Puppa,1986,2000,429,,179.0,161.0,1204,10472.0,23815,0,18,False,False
Chris Pusey,1986,1986,1,,0.0,0.0,3,9.0,40,0,0,False,False
Jonathan Quick,2008,2025,804,784.0,404.0,290.0,1939,19731.0,46660,0,22,True,False
Antti Raanta,2014,2024,277,251.0,139.0,80.0,623,6685.0,15082,0,3,False,False
André Racicot,1990,1994,68,,26.0,23.0,196,1436.0,3357,0,2,False,False
Bruce Racine,1996,1996,11,,0.0,3.0,12,89.0,230,0,0,False,False
Jamie Ram,1996,1996,1,,0.0,0.0,0,9.0,27,0,0,False,False
Karri Rämö,2007,2016,159,146.0,60.0,63.0,414,3974.0,8721,0,4,False,False
Bill Ranford,1986,2000,647,,240.0,279.0,2042,16230.0,35928,0,24,False,False
Tuukka Rask,2008,2022,564,544.0,308.0,165.0,1230,14345.0,32402,0,17,False,False
Andrew Raycroft,2001,2012,280,79.0,113.0,114.0,732,6607.0,15191,0,3,False,False
Alain Raymond,1988,1988,1,,0.0,1.0,2,18.0,39,0,0,False,False
Chuck Rayner,1941,1953,425,,138.0,207.0,1291,,25551,0,0,False,True
Daryl Reaugh,1985,1991,27,,8.0,9.0,72,556.0,1245,0,0,False,False
Pokey Reddick,1987,1994,132,,46.0,58.0,443,3037.0,7161,0,1,False,False
Greg Redquest,1978,1978,1,,0.0,0.0,3,7.0,13,0,0,False,False
Dave Reece,1976,1976,14,,7.0,5.0,43,307.0,776,0,0,False,False
Jeff Reese,1988,1999,174,,53.0,65.0,529,3851.0,8668,0,8,False,False
James Reimer,2011,2025,525,479.0,225.0,187.0,1387,13977.0,28833,0,3,True,False
Glenn Resch,1974,1987,571,,231.0,224.0,1761,14403.0,32214,0,16,False,False
Herb Rheaume,1926,1926,31,,10.0,20.0,92,,1887,0,0,False,False
Damian Rhodes,1991,2002,309,,99.0,140.0,820,7285.0,17339,1,6,False,False
Nick Ricci,1980,1983,19,,7.0,12.0,79,474.0,1080,0,0,False,False
Terry Richardson,1974,1979,20,,3.0,11.0,85,382.0,904,0,1,False,False
Mike Richter,1990,2003,666,,301.0,258.0,1840,17379.0,38183,0,11,False,False
Curt Ridley,1975,1981,104,,27.0,47.0,355,2417.0,5486,0,1,False,False
Vincent Riendeau,1988,1995,184,,85.0,65.0,573,4207.0,10423,0,4,False,False
Dennis Riggin,1960,1963,18,,7.0,9.0,53,412.0,997,0,0,False,False
Pat Riggin,1980,1988,350,,153.0,120.0,1135,8265.0,19828,0,8,False,False
Bob Ring,1966,1966,1,,0.0,0.0,4,17.0,33,0,0,False,False
Pekka Rinne,2006,2021,683,666.0,369.0,213.0,1598,17627.0,39413,1,14,False,False
David Rittich,2017,2025,230,204.0,108.0,71.0,579,5441.0,12459,0,1,True,False
Fern Rivard,1969,1975,55,,9.0,26.0,190,1427.0,2856,0,0,False,False
John Ross Roach,1922,1935,491,,219.0,204.0,1246,,30433,0,1,False,False
Moe Roberts,1926,1952,10,,3.0,5.0,31,,501,0,0,False,False
Earl Robertson,1938,1942,190,,60.0,95.0,575,,11820,0,0,False,False
Olivier Rodrigue,2025,2025,2,1.0,0.0,1.0,4,25.0,77,0,0,True,False
Al Rollins,1950,1960,430,,140.0,206.0,1189,4255.0,25712,0,1,False,False
Dwayne Roloson,1997,2012,606,234.0,227.0,257.0,1552,15390.0,34297,0,14,False,False
Roberto Romano,1983,1994,126,,46.0,63.0,471,3434.0,7086,0,1,False,False
Georgi Romanov,2024,2025,10,6.0,0.0,6.0,28,221.0,476,0,0,True,False
Mike Rosati,1999,1999,1,,1.0,0.0,0,12.0,28,0,0,False,False
Dominic Roussel,1992,2001,205,,77.0,70.0,555,4744.0,10666,0,4,False,False
Patrick Roy,1985,2003,1029,,551.0,315.0,2546,25800.0,60214,0,45,False,True
Cody Rudkowsky,2003,2003,1,,1.0,0.0,0,10.0,30,0,0,False,False
Pat Rupp,1964,1964,1,,0.0,1.0,4,26.0,60,0,0,False,False
Jim Rutherford,1971,1983,457,,151.0,227.0,1575,11512.0,25850,0,15,False,True
Wayne Rutledge,1968,1970,82,,28.0,38.0,242,2002.0,4318,0,0,False,False
Jussi Rynnäs,2012,2015,5,2.0,0.0,2.0,14,76.0,201,0,0,False,False
Dany Sabourin,2004,2009,57,35.0,18.0,25.0,139,1224.0,2901,0,1,False,False
Alexander Salák,2010,2010,2,0.0,0.0,1.0,6,34.0,67,0,0,False,False
Tommy Salo,1995,2004,526,,210.0,225.0,1296,12295.0,30436,0,7,False,False
Ilya Samsonov,2020,2025,200,188.0,118.0,48.0,526,4830.0,11387,0,5,True,False
Mike Sands,1985,1987,6,,0.0,5.0,26,165.0,302,0,0,False,False
Felix Sandström,2022,2024,30,26.0,4.0,18.0,102,746.0,1673,0,0,False,False
Curtis Sanford,2003,2012,144,56.0,47.0,55.0,333,3139.0,7354,0,1,False,False
Geoff Sarjeant,1995,1996,8,,1.0,2.0,20,119.0,291,0,1,False,False
Juuse Saros,2016,2025,408,391.0,202.0,150.0,1045,11130.0,23405,0,8,True,False
Harri Säteri,2018,2022,15,11.0,6.0,6.0,45,383.0,791,0,0,False,False
Bob Sauvé,1977,1989,420,,182.0,154.0,1377,9675.0,23662,0,15,False,False
Philippe Sauvé,2004,2007,32,,10.0,14.0,93,739.0,1616,0,0,False,False
Zachary Sawchenko,2022,2022,7,3.0,1.0,2.0,15,136.0,269,0,0,False,False
Terry Sawchuk,1950,1970,971,,445.0,336.0,2385,16678.0,57156,0,7,False,True
Joe Schaefer,1960,1961,2,,0.0,2.0,8,44.0,89,0,0,False,False
Nolan Schaefer,2006,2006,7,,5.0,1.0,11,127.0,352,0,0,False,False
Paxton Schafer,1997,1997,3,,0.0,0.0,6,19.0,77,0,0,False,False
Akira Schmid,2022,2025,48,36.0,16.0,18.0,104,965.0,2289,0,2,True,False
Cory Schneider,2009,2022,410,389.0,171.0,159.0,945,10568.0,23304,0,9,False,False
Corey Schwab,1996,2004,147,,42.0,63.0,360,3114.0,7476,0,6,False,False
Marek Schwarz,2007,2009,6,0.0,0.0,2.0,9,38.0,125,0,0,False,False
Ron Scott,1984,1990,28,,8.0,13.0,91,613.0,1448,0,0,False,False
Travis Scott,2001,2001,1,,0.0,0.0,3,7.0,25,0,0,False,False
Ben Scrivens,2012,2016,144,130.0,47.0,64.0,387,3708.0,7957,0,2,False,False
Gilles Senn,2020,2020,2,1.0,0.0,1.0,4,37.0,70,0,0,False,False
Richard Sévigny,1980,1987,176,,80.0,54.0,507,3848.0,9462,0,1,False,False
Scott Sharples,1992,1992,1,,0.0,0.0,4,36.0,65,0,0,False,False
Hunter Shepard,2024,2025,5,5.0,2.0,2.0,20,129.0,305,0,0,True,False
Igor Shesterkin,2020,2025,274,269.0,162.0,88.0,670,7439.0,15933,0,3,True,False
Steve Shields,1996,2006,246,,80.0,104.0,606,5904.0,13630,0,2,False,False
Mikhail Shtalenkov,1994,2000,190,,62.0,82.0,480,4242.0,9966,0,6,False,False
Richard Shulmistra,1998,2000,2,,1.0,1.0,3,48.0,122,0,0,False,False
Peter Sidorkiewicz,1988,1998,246,,79.0,128.0,832,5633.0,13884,0,9,False,False
Jordan Sigalet,2006,2006,1,,0.0,0.0,0,0.0,1,0,0,False,False
Arturs Silovs,2023,2025,19,18.0,8.0,8.0,57,417.0,1092,0,0,True,False
Don Simmons,1957,1969,249,,100.0,102.0,701,6577.0,14539,0,0,False,False
Gary Simmons,1975,1978,107,,30.0,57.0,366,2897.0,6148,0,1,False,False
Kent Simpson,2014,2014,1,0.0,,,2,5.0,20,0,0,False,False
Mackenzie Skapski,2015,2015,2,2.0,2.0,0.0,1,44.0,119,0,0,False,False
Jakub Skarek,2025,2025,2,1.0,0.0,1.0,5,34.0,76,0,0,True,False
Paul Skidmore,1982,1982,2,,1.0,1.0,6,43.0,120,0,0,False,False
Stuart Skinner,2021,2025,174,168.0,98.0,54.0,455,4364.0,10000,0,2,True,False
Warren Skorodenski,1982,1988,35,,12.0,11.0,100,862.0,1725,0,0,False,False
Pēteris Skudra,1998,2003,146,,51.0,47.0,326,2752.0,7162,0,2,False,False
Al Smith,1966,1981,231,,73.0,99.0,734,5537.0,12726,0,7,False,False
Billy Smith,1972,1989,679,,305.0,233.0,2031,17230.0,38369,1,12,False,True
Gary Smith,1966,1980,531,,174.0,256.0,1675,14104.0,29579,0,7,False,False
Jeremy Smith,2017,2017,10,8.0,1.0,6.0,32,254.0,543,0,0,False,False
Mike Smith,2007,2022,670,627.0,299.0,263.0,1720,17869.0,38260,1,20,False,False
Normie Smith,1932,1945,198,,81.0,82.0,479,,12357,0,0,False,False
Bob Sneddon,1971,1971,7,,0.0,2.0,21,106.0,224,0,0,False,False
Garth Snow,1994,2006,368,,135.0,147.0,925,8373.0,19837,0,5,False,False
Arvid Söderblom,2022,2025,86,77.0,17.0,52.0,286,2291.0,4832,0,0,True,False
Tommy Söderström,1993,1997,156,,45.0,69.0,496,3769.0,8188,0,2,False,False
Doug Soetaert,1976,1987,284,,110.0,104.0,1029,6730.0,15553,0,7,False,False
Ilya Sorokin,2021,2025,253,248.0,125.0,89.0,634,6927.0,14756,1,5,True,False
Christian Soucy,1994,1994,1,,0.0,0.0,0,0.0,3,0,0,False,False
Garret Sparks,2016,2022,40,35.0,15.0,18.0,112,997.0,2204,0,0,False,False
Red Spooner,1930,1930,1,,0.0,1.0,6,,60,0,0,False,False
Rick St. Croix,1978,1985,131,,49.0,54.0,453,3184.0,7277,0,2,False,False
Sam St. Laurent,1986,1990,34,,7.0,12.0,92,716.0,1571,0,0,False,False
Alex Stalock,2011,2023,179,148.0,70.0,65.0,432,4279.0,9612,0,4,False,False
Rastislav Staňa,2004,2004,6,,1.0,2.0,11,89.0,211,0,0,False,False
Ed Staniowski,1976,1985,219,,67.0,104.0,818,5429.0,12049,0,10,False,False
Jaxson Stauber,2023,2025,12,10.0,7.0,2.0,34,315.0,677,0,0,True,False
Robb Stauber,1990,1995,62,,21.0,23.0,209,1683.0,3295,0,2,False,False
Greg Stefan,1982,1990,299,,115.0,127.0,1068,7031.0,16294,0,15,False,False
Phil Stein,1940,1940,1,,0.0,0.0,2,,70,0,0,False,False
Tobias Stephan,2008,2009,11,6.0,1.0,3.0,29,219.0,499,0,1,False,False
Wayne Stephenson,1972,1981,328,,146.0,103.0,937,7718.0,18309,0,3,False,False
Clay Stevenson,2025,2025,1,1.0,0.0,1.0,5,33.0,60,0,0,True,False
Doug Stevenson,1945,1946,8,,2.0,6.0,39,,480,0,0,False,False
Charles Stewart,1925,1927,77,,30.0,41.0,194,,4742,0,0,False,False
Jim Stewart,1980,1980,1,,0.0,1.0,5,4.0,20,0,0,False,False
Ales Stezka,2025,2025,1,1.0,0.0,1.0,3,20.0,58,0,0,True,False
Anthony Stolarz,2017,2025,142,116.0,64.0,39.0,322,3570.0,7587,0,5,True,False
Jamie Storr,1995,2004,219,,85.0,86.0,488,4829.0,11512,0,3,False,False
Herb Stuart,1927,1927,3,,1.0,2.0,5,,180,0,0,False,False
Malcolm Subban,2015,2024,87,78.0,36.0,34.0,248,2184.0,4804,0,0,False,False
Niklas Svedberg,2014,2015,19,15.0,8.0,5.0,37,423.0,961,0,0,False,False
Jeremy Swayman,2021,2025,190,183.0,101.0,62.0,471,4783.0,10962,0,1,True,False
Don Sylvestri,1985,1985,3,,0.0,0.0,6,46.0,102,0,0,False,False
Mads Søgaard,2022,2025,29,25.0,11.0,11.0,91,662.0,1539,0,1,True,False
Rick Tabaracci,1989,2000,286,,93.0,125.0,760,6340.0,15255,0,8,False,False
Kari Takko,1986,1991,142,,37.0,71.0,475,3433.0,7305,0,2,False,False
Cam Talbot,2014,2025,533,508.0,266.0,195.0,1349,14043.0,30424,0,7,True,False
Robbie Tallas,1996,2001,99,,28.0,42.0,246,2010.0,5069,0,0,False,False
John Tanner,1990,1992,21,,2.0,11.0,65,492.0,1084,0,0,False,False
Daniil Tarasov,2022,2025,65,61.0,19.0,34.0,202,1777.0,3525,0,2,True,False
Iiro Tarkki,2012,2012,1,0.0,1.0,0.0,3,7.0,41,0,0,False,False
Dave Tataryn,1977,1977,2,,1.0,1.0,10,33.0,80,0,0,False,False
Bobby Taylor,1972,1976,45,,15.0,17.0,155,1181.0,2265,0,1,False,False
Daniel Taylor,2008,2018,4,3.0,1.0,2.0,12,100.0,198,0,0,False,False
Mikael Tellqvist,2003,2009,113,33.0,45.0,41.0,303,2664.0,6034,0,2,False,False
Harvey Teno,1939,1939,5,,2.0,3.0,15,,300,0,0,False,False
Chris Terreri,1987,2001,406,,151.0,172.0,1143,9475.0,22369,0,13,False,False
José Théodore,1996,2013,648,244.0,286.0,254.0,1635,16348.0,36607,1,16,False,False
Jocelyn Thibault,1994,2008,586,7.0,238.0,238.0,1508,14198.0,32893,0,6,False,False
Brad Thiessen,2012,2012,5,4.0,3.0,1.0,16,97.0,258,0,0,False,False
Tim Thomas,2003,2014,426,306.0,214.0,145.0,1027,11795.0,24448,0,7,False,False
Wayne Thomas,1973,1981,243,,103.0,93.0,766,6246.0,13743,0,7,False,False
Logan Thompson,2021,2025,146,137.0,87.0,38.0,369,3804.0,8457,0,4,True,False
Tiny Thompson,1929,1940,553,,284.0,194.0,1180,,34176,0,1,False,True
Hannu Toivonen,2006,2008,61,17.0,18.0,24.0,183,1475.0,3259,0,0,False,False
Dustin Tokarski,2010,2025,86,73.0,27.0,36.0,239,2194.0,4659,0,3,True,False
Nikita Tolopilo,2025,2025,2,1.0,1.0,1.0,3,23.0,84,0,0,True,False
Matt Tomkins,2024,2024,6,6.0,3.0,2.0,20,165.0,360,0,0,False,False
Mike Torchia,1995,1995,6,,3.0,2.0,18,154.0,327,0,0,False,False
Josh Tordjman,2009,2009,2,2.0,0.0,2.0,8,54.0,118,0,0,False,False
Vesa Toskala,2002,2010,266,142.0,129.0,82.0,679,6278.0,14767,0,10,False,False
Andrei Trefilov,1993,1999,54,,12.0,25.0,153,1328.0,2663,0,0,False,False
Vincent Tremblay,1980,1984,58,,12.0,26.0,223,1428.0,2779,0,2,False,False
Niklas Treutle,2016,2016,2,1.0,0.0,1.0,5,15.0,50,0,0,False,False
Ted Tucker,1974,1974,5,,1.0,1.0,10,83.0,177,0,0,False,False
Ron Tugnutt,1988,2004,537,,186.0,239.0,1497,12703.0,29483,0,7,False,False
Marty Turco,2001,2012,543,216.0,275.0,167.0,1216,12231.0,30957,0,22,False,False
Roman Turek,1997,2004,328,,159.0,115.0,734,7152.0,19095,0,12,False,False
Joe Turner,1942,1942,1,,0.0,0.0,3,,70,0,0,False,False
Linus Ullmark,2016,2025,291,281.0,163.0,87.0,710,7850.0,16755,1,5,True,False
Matt Underhill,2004,2004,1,,0.0,1.0,4,29.0,61,0,0,False,False
Rogie Vachon,1967,1982,795,,353.0,293.0,2310,19882.0,46206,0,10,False,True
Steve Valiquette,2000,2010,46,27.0,16.0,14.0,103,982.0,2256,0,1,False,False
John Vanbiesbrouck,1982,2002,882,,374.0,346.0,2502,22206.0,50455,0,35,False,False
Vítek Vaněček,2021,2025,188,176.0,96.0,56.0,496,4571.0,10534,0,5,True,False
Semyon Varlamov,2009,2025,621,593.0,289.0,232.0,1572,17053.0,35629,0,8,True,False
Andrei Vasilevskiy,2015,2025,540,530.0,331.0,163.0,1335,14772.0,31792,0,22,True,False
Veini Vehviläinen,2021,2021,1,0.0,0.0,0.0,1,3.0,11,0,0,False,False
Mike Veisor,1974,1984,139,,41.0,62.0,531,3906.0,7781,0,3,False,False
Karel Vejmelka,2022,2025,198,186.0,70.0,97.0,597,5338.0,11122,0,3,True,False
Mike Vernon,1983,2002,782,,385.0,274.0,2210,17789.0,44501,0,39,False,True
Georges Vezina,1918,1926,190,,103.0,81.0,633,,11571,0,1,False,True
Matt Villalta,2024,2025,3,2.0,1.0,1.0,8,52.0,132,0,0,True,False
Gilles Villemure,1964,1977,205,,100.0,64.0,542,4814.0,11562,0,2,False,False
Mark Visentin,2014,2014,1,1.0,0.0,1.0,3,29.0,59,0,0,False,False
Daniel Vladař,2021,2025,105,95.0,49.0,34.0,296,2512.0,5937,0,2,True,False
Tomáš Vokoun,1997,2013,700,306.0,300.0,288.0,1688,18625.0,39695,0,23,False,False
Jimmy Waite,1989,1999,106,,28.0,41.0,293,1984.0,5253,0,1,False,False
Darcy Wakaluk,1989,1997,191,,67.0,75.0,524,4215.0,9756,0,6,False,False
Ernie Wakely,1963,1972,113,,41.0,42.0,289,2802.0,6233,0,2,False,False
Michael Wall,2007,2007,4,,2.0,2.0,10,71.0,202,0,1,False,False
Jesper Wallstedt,2024,2025,5,5.0,2.0,3.0,17,121.0,296,0,0,True,False
Flat Walsh,1927,1933,111,,48.0,44.0,258,,6682,0,0,False,False
Rick Wamsley,1981,1993,407,,204.0,131.0,1287,9540.0,23098,0,9,False,False
Cam Ward,2006,2019,701,598.0,334.0,256.0,1843,18259.0,40318,1,12,False,False
Jim Watt,1974,1974,1,,0.0,0.0,2,8.0,20,0,0,False,False
Scott Wedgewood,2016,2025,154,136.0,62.0,54.0,413,3991.0,8619,0,0,True,False
Kevin Weekes,1998,2009,348,18.0,105.0,163.0,903,8359.0,18837,0,3,False,False
Steve Weeks,1981,1993,291,,112.0,119.0,990,6717.0,15927,0,7,False,False
Tyler Weiman,2008,2008,1,0.0,0.0,0.0,0,10.0,16,0,0,False,False
Dylan Wells,2023,2023,1,0.0,0.0,0.0,1,12.0,20,0,0,False,False
Adam Werner,2020,2020,2,1.0,1.0,1.0,5,53.0,88,0,0,False,False
Carl Wetzel,1965,1968,7,,1.0,4.0,22,133.0,301,0,0,False,False
Kay Whitmore,1989,2002,155,,60.0,64.0,508,3542.0,8596,0,9,False,False
Adam Wilcox,2018,2018,1,0.0,0.0,1.0,0,14.0,39,0,0,False,False
Derek Wilkinson,1996,1999,22,,3.0,12.0,57,396.0,933,0,0,False,False
Roman Will,2016,2016,1,0.0,0.0,0.0,1,2.0,18,0,0,False,False
Jordan Willis,1996,1996,1,,0.0,1.0,1,13.0,19,0,0,False,False
Dunc Wilson,1970,1979,287,,80.0,150.0,988,7429.0,15811,0,4,False,False
Lefty Wilson,1954,1958,3,,0.0,0.0,1,32.0,81,0,0,False,False
Hal Winkler,1927,1928,75,,35.0,26.0,123,,4698,0,0,False,False
Dustin Wolf,2023,2025,71,69.0,37.0,23.0,191,1849.0,4193,0,3,True,False
Bernie Wolfe,1976,1979,119,,20.0,61.0,424,3017.0,6091,0,1,False,False
Joseph Woll,2022,2025,78,75.0,48.0,27.0,209,2121.0,4570,0,0,True,False
Alex Wood,1937,1937,1,,0.0,1.0,3,,70,0,0,False,False
Gump Worsley,1953,1974,860,,333.0,348.0,2398,21784.0,50157,0,3,False,True
Roy Worters,1926,1937,484,,171.0,230.0,1145,,30181,0,0,False,True
Chris Worthy,1969,1971,26,,5.0,11.0,98,663.0,1309,0,0,False,False
Ken Wregget,1984,2000,575,,225.0,248.0,1916,14749.0,31643,0,24,False,False
Matthew Yeats,2004,2004,5,,1.0,3.0,13,128.0,258,0,0,False,False
Vitali Yeremeyev,2001,2001,4,,0.0,4.0,16,88.0,212,0,0,False,False
Allen York,2012,2012,11,5.0,3.0,2.0,16,183.0,417,0,0,False,False
Wendell Young,1986,1995,187,,59.0,86.0,618,4352.0,9403,0,10,False,False
Matt Zaba,2010,2010,1,0.0,0.0,0.0,2,14.0,34,0,0,False,False
Artyom Zagidulin,2021,2021,1,0.0,0.0,0.0,2,9.0,28,0,0,False,False
Mike Zanier,1985,1985,3,,1.0,1.0,12,88.0,185,0,0,False,False
Jeff Zatkoff,2014,2017,48,37.0,18.0,21.0,113,1117.0,2490,0,1,False,False
Rob Zepp,2015,2015,10,9.0,5.0,2.0,25,198.0,519,0,0,False,False
